ActivityDate,Calories,FairlyActiveMinutes,Id,LightActiveDistance,LightlyActiveMinutes,LoggedActivitiesDistance,ModeratelyActiveDistance,SedentaryActiveDistance,SedentaryMinutes,TotalDistance,TotalSteps,TotalMinutesAsleep,TotalTimeInBed,sleep_date
2016-03-12,2990,0,4020332650,3.96000003814697,254,0.0,0.0,0.00999999977648258,757,3.97000002861023,5543,384,429,2016-03-12
2016-03-13,2480,0,4020332650,2.27999997138977,136,0.0,0.0,0.0,771,2.30999994277954,3226,505,533,2016-03-13
2016-03-14,2570,0,4020332650,2.14000010490417,145,0.0,0.0,0.0,1005,2.17000007629395,3023,265,290,2016-03-14
2016-03-15,3016,10,4020332650,4.03999996185303,215,0.0,0.159999996423721,0.0,874,4.23000001907349,5906,331,341,2016-03-15
2016-03-16,3830,14,4020332650,6.90000009536743,309,0.0,0.569999992847443,0.0,599,8.98999977111816,12483,459,493,2016-03-16
2016-03-17,3706,0,4020332650,0.610000014305115,47,0.0,0.0,0.0399999991059303,986,6.40999984741211,8940,374,407,2016-03-17
2016-03-25,1819,12,1503960366,4.07000017166138,205,0.0,0.46000000834465,0.0,804,7.1100001335144,11004,351,386,2016-03-25
2016-03-26,2154,17,1503960366,3.91000008583069,274,0.0,0.730000019073486,0.0,588,11.5500001907349,17609,437,472,2016-03-26
2016-03-27,1944,5,1503960366,3.71000003814697,268,0.0,0.159999996423721,0.0,605,8.52999973297119,12736,483,506,2016-03-27
2016-03-28,1932,20,1503960366,4.94999980926514,224,0.0,0.790000021457672,0.0,1080,8.93000030517578,13231,73,77,2016-03-28
2016-03-29,1886,28,1503960366,4.6100001335144,243,0.0,1.0900000333786,0.0,763,7.84999990463257,12041,349,378,2016-03-29
2016-03-29,2041,58,2347167796,3.5,208,0.0,3.11999988555908,0.0,700,6.78999996185303,10272,422,472,2016-03-29
2016-03-29,1958,8,4319703577,3.23000001907349,199,0.0,0.330000013113022,0.0,683,3.78999996185303,5643,514,547,2016-03-29
2016-03-29,2010,0,4445114986,1.54999995231628,155,0.0,0.0,0.0,807,1.54999995231628,2303,442,478,2016-03-29
2016-03-29,2886,5,4702921684,4.67000007629395,241,0.0,0.270000010728836,0.0,760,5.28000020980835,6506,413,430,2016-03-29
2016-03-30,2187,35,2347167796,3.26999998092651,255,0.0,2.05999994277954,0.0,615,7.09999990463257,10533,472,514,2016-03-30
2016-03-30,3418,0,4020332650,3.84999990463257,258,0.0,0.0,0.0,795,3.86999988555908,5400,366,387,2016-03-30
2016-03-30,2141,12,4319703577,5.36999988555908,244,0.0,0.430000007152557,0.0,702,6.07000017166138,9043,454,478,2016-03-30
2016-03-30,2915,13,4702921684,5.34999990463257,227,0.0,0.550000011920929,0.0,742,6.15000009536743,7583,421,455,2016-03-30
2016-03-30,2244,77,6962181067,4.46000003814697,272,0.0,4.48999977111816,0.0,641,10.2399997711182,15491,418,432,2016-03-30
2016-03-31,1889,12,1503960366,5.03999996185303,239,0.0,0.490000009536743,0.0,820,7.8600001335144,12256,308,336,2016-03-31
2016-03-31,1929,0,2347167796,4.46999979019165,250,0.0,0.0,0.0,613,4.46999979019165,6760,517,577,2016-03-31
2016-03-31,3439,33,4020332650,3.50999999046326,261,0.0,0.920000016689301,0.0,860,5.32999992370605,7428,259,268,2016-03-31
2016-03-31,2129,17,4319703577,4.6100001335144,247,0.0,0.610000014305115,0.0,1125,5.46000003814697,8144,38,47,2016-03-31
2016-03-31,2227,0,4445114986,3.22000002861023,238,0.0,0.0,0.0,786,3.22000002861023,4804,360,416,2016-03-31
2016-03-31,2895,0,4702921684,5.65000009536743,256,0.0,0.0,0.0,759,5.65000009536743,6963,420,425,2016-03-31
2016-03-31,2188,32,6962181067,3.90000009536743,234,0.0,1.91999995708466,0.0,595,9.31999969482422,14097,509,529,2016-03-31
2016-04-01,1868,21,1503960366,3.64000010490417,200,0.0,0.829999983310699,0.0,866,7.86999988555908,12262,283,306,2016-04-01
2016-04-01,2590,11,1927972279,2.61999988555908,192,0.0,0.370000004768372,0.0,854,2.99000000953674,4317,369,383,2016-04-01
2016-04-01,1407,0,2026352035,1.62000000476837,166,0.0,0.0,0.0,729,1.62000000476837,2605,514,544,2016-04-01
2016-04-01,1935,33,2347167796,3.5,212,0.0,2.0,0.0,804,5.51000022888184,8328,374,391,2016-04-01
2016-04-01,1288,0,3977333714,3.00999999046326,168,0.0,0.0,0.0,842,3.00999999046326,4499,297,430,2016-04-01
2016-04-01,3338,17,4020332650,3.00999999046326,210,0.0,0.180000007152557,0.0,748,3.83999991416931,5351,429,450,2016-04-01
2016-04-01,2216,20,4319703577,4.46000003814697,268,0.0,0.850000023841858,0.0,654,6.26999998092651,9343,466,484,2016-04-01
2016-04-01,2133,0,4445114986,2.19000005722046,205,0.0,0.0,0.0,898,2.19000005722046,3271,311,337,2016-04-01
2016-04-01,2923,9,4702921684,5.44000005722046,248,0.0,0.370000004768372,0.0,708,5.80999994277954,7165,454,475,2016-04-01
2016-04-01,2142,12,5553957443,4.57999992370605,235,0.0,0.629999995231628,0.0,782,8.10000038146973,12409,337,360,2016-04-01
2016-04-01,3625,31,5577150313,2.25,142,0.0,0.850000023841858,0.0,721,7.86999988555908,10461,435,447,2016-04-01
2016-04-01,2210,0,6117666160,5.61999988555908,286,0.0,0.0,0.0,568,5.61999988555908,7444,558,586,2016-04-01
2016-04-01,3065,50,6775888955,2.1800000667572,163,0.0,1.26999998092651,0.0,1189,5.17999982833862,7225,10,13,2016-04-01
2016-04-01,2014,45,6962181067,3.84999990463257,252,0.0,2.4300000667572,0.0,602,6.98000001907349,10467,527,532,2016-04-01
2016-04-01,2496,30,7086361926,2.9300000667572,154,0.0,1.88999998569489,0.0,777,7.67000007629395,11463,410,441,2016-04-01
2016-04-01,3669,21,8378563200,3.96000003814697,195,0.0,1.05999994277954,0.0,719,11.2399997711182,14179,408,432,2016-04-01
2016-04-01,2260,8,8792009665,2.70000004768372,176,0.0,0.140000000596046,0.0,748,2.94000005722046,4592,480,504,2016-04-01
2016-04-02,1843,11,1503960366,3.74000000953674,244,0.0,0.449999988079071,0.0,636,7.25,11248,439,509,2016-04-02
2016-04-02,2783,0,1927972279,3.92000007629395,267,0.0,0.0,0.0,858,3.92000007629395,5662,280,315,2016-04-02
2016-04-02,1237,0,2026352035,0.759999990463257,69,0.0,0.0,0.0,795,0.759999990463257,1229,528,575,2016-04-02
2016-04-02,2438,16,2347167796,5.82000017166138,327,0.0,0.810000002384186,0.0,583,10.2200002670288,15459,417,463,2016-04-02
2016-04-02,1490,6,3977333714,4.90999984741211,302,0.0,0.180000007152557,0.0,842,5.09999990463257,7618,199,290,2016-04-02
2016-04-02,2892,15,4020332650,2.74000000953674,162,0.0,0.209999993443489,0.0399999991059303,752,3.09999990463257,4299,499,508,2016-04-02
2016-04-02,2154,4,4319703577,4.34000015258789,257,0.0,0.189999997615814,0.0,621,5.65999984741211,8405,529,543,2016-04-02
2016-04-02,2317,0,4445114986,3.60999989509583,273,0.0,0.0,0.0,672,3.63000011444092,5406,469,495,2016-04-02
2016-04-02,1680,0,4558609924,2.09999990463257,173,0.0,0.0,0.0,1180,2.09999990463257,3183,86,87,2016-04-02
2016-04-02,3323,32,4702921684,6.92000007629395,367,0.0,1.46000003814697,0.0,475,8.38000011444092,10328,538,566,2016-04-02
2016-04-02,1615,0,5553957443,1.9099999666214,181,0.0,0.0,0.0,356,1.91999995708466,2937,791,903,2016-04-02
2016-04-02,4430,36,5577150313,2.30999994277954,153,0.0,0.600000023841858,0.0,663,11.1099996566772,14873,355,385,2016-04-02
2016-04-02,2884,30,6117666160,12.5100002288818,475,0.0,2.08999991416931,0.0,466,14.8400001525879,19658,454,466,2016-04-02
2016-04-02,2207,0,6775888955,1.42999994754791,79,0.0,0.0,0.0,909,1.42999994754791,1988,429,452,2016-04-02
2016-04-02,2115,24,6962181067,3.24000000953674,219,0.0,1.28999996185303,0.0,732,8.30000019073486,12437,399,415,2016-04-02
2016-04-02,2575,16,7007744171,6.13000011444092,271,0.0,0.670000016689301,0.0,1075,7.34000015258789,10976,56,69,2016-04-02
2016-04-02,1641,0,7086361926,0.00999999977648258,2,0.0,0.0,0.0,872,0.0199999995529652,87,552,566,2016-04-02
2016-04-02,2702,0,8378563200,2.66000008583069,144,0.0,0.0,0.0,657,2.66000008583069,3358,582,639,2016-04-02
2016-04-03,1850,30,1503960366,4.17999982833862,314,0.0,1.27999997138977,0.0,655,6.36999988555908,10016,379,426,2016-04-03
2016-04-03,1636,0,1844505072,1.87999999523163,136,0.0,0.0,0.0,1114,1.87999999523163,2841,169,190,2016-04-03
2016-04-03,2449,0,1927972279,2.21000003814697,146,0.0,0.0,0.0,1183,2.21000003814697,3198,107,111,2016-04-03
2016-04-03,1330,0,2026352035,1.42999994754791,115,0.0,0.0,0.0,720,1.42999994754791,2308,534,605,2016-04-03
2016-04-03,2035,0,2347167796,4.94999980926514,324,0.0,0.0,0.0,491,4.94999980926514,7485,579,625,2016-04-03
2016-04-03,1630,22,3977333714,4.69000005722046,282,0.0,0.839999973773956,0.0,748,7.69999980926514,11508,222,359,2016-04-03
2016-04-03,3313,0,4020332650,4.3600001335144,265,0.0,0.0,0.0,776,4.38000011444092,6107,387,399,2016-04-03
2016-04-03,2178,37,4319703577,3.21000003814697,257,0.0,1.50999999046326,0.0,551,5.51999998092651,8223,568,583,2016-04-03
2016-04-03,1901,7,4558609924,3.75,269,0.0,0.259999990463257,0.0,886,4.07999992370605,6176,274,277,2016-04-03
2016-04-03,3357,57,4702921684,6.71999979019165,323,0.0,2.84999990463257,0.0,471,9.82999992370605,12116,558,586,2016-04-03
2016-04-03,1481,0,5553957443,0.990000009536743,93,0.0,0.0,0.0,507,0.990000009536743,1515,742,840,2016-04-03
2016-04-03,3427,27,5577150313,4.44000005722046,240,0.0,0.970000028610229,0.0,700,7.40999984741211,9917,389,415,2016-04-03
2016-04-03,2055,51,6962181067,3.86999988555908,218,0.0,3.25999999046326,0.0,589,8.14000034332275,12307,537,568,2016-04-03
2016-04-03,3086,31,7007744171,3.47000002861023,230,0.0,1.37000000476837,0.0,1002,11.2399997711182,16806,70,73,2016-04-03
2016-04-03,3304,13,8378563200,4.44999980926514,243,0.0,0.819999992847443,0.0,600,7.26000022888184,9152,529,558,2016-04-03
2016-04-03,2667,6,8792009665,4.28999996185303,279,0.0,0.230000004172325,0.0,636,4.63000011444092,7238,479,517,2016-04-03
2016-04-04,2030,18,1503960366,5.69000005722046,285,0.0,0.699999988079071,0.0,757,9.80000019073486,14557,294,337,2016-04-04
2016-04-04,1347,0,1844505072,0.0,0,0.0,0.0,0.0,669,0.0,0,771,771,2016-04-04
2016-04-04,2380,0,1927972279,1.62999999523163,128,0.0,0.0,0.0,829,1.62999999523163,2352,465,483,2016-04-04
2016-04-04,1583,0,2026352035,4.1399998664856,263,0.0,0.0,0.0,644,4.1399998664856,6679,493,533,2016-04-04
2016-04-04,2099,25,2347167796,4.15999984741211,231,0.0,1.23000001907349,0.0,638,6.80000019073486,10254,472,525,2016-04-04
2016-04-04,1648,43,3977333714,4.94999980926514,297,0.0,2.00999999046326,0.0,710,7.98999977111816,11943,205,374,2016-04-04
2016-04-04,3118,28,4020332650,3.65000009536743,193,0.0,0.949999988079071,0.0,741,4.59999990463257,6429,463,478,2016-04-04
2016-04-04,2308,39,4319703577,4.96999979019165,313,0.0,1.41999995708466,0.0,578,6.76000022888184,10067,473,505,2016-04-04
2016-04-04,2931,27,4702921684,4.67999982833862,216,0.0,1.20000004768372,0.0,746,6.3600001335144,7810,419,444,2016-04-04
2016-04-04,1892,8,5553957443,3.35999989509583,198,0.0,0.439999997615814,0.0,754,5.88000011444092,8921,413,453,2016-04-04
2016-04-04,3492,19,5577150313,2.88000011444092,204,0.0,0.360000014305115,0.0,689,5.55999994277954,7401,435,458,2016-04-04
2016-04-04,2437,20,6962181067,5.65999984741211,327,0.0,1.23000001907349,0.0,570,12.8000001907349,18952,363,399,2016-04-04
2016-04-04,4234,16,8378563200,6.17000007629395,220,2.0921471118927,0.790000021457672,0.0,658,11.0500001907349,13935,417,441,2016-04-04
2016-04-04,2229,9,8792009665,2.23000001907349,161,0.0,0.219999998807907,0.0,675,2.45000004768372,3821,566,595,2016-04-04
2016-04-05,2083,18,1503960366,6.03999996185303,341,0.0,0.759999990463257,0.0,736,9.72999954223633,14844,280,309,2016-04-05
2016-04-05,2344,0,1927972279,1.54999995231628,108,0.0,0.0,0.0,912,1.54999995231628,2234,393,420,2016-04-05
2016-04-05,1538,0,2026352035,3.5,248,0.0,0.0,0.0,621,3.5,5645,531,571,2016-04-05
2016-04-05,2096,9,2347167796,4.67999982833862,269,0.0,0.479999989271164,0.0,696,6.82000017166138,10114,395,448,2016-04-05
2016-04-05,1649,32,3977333714,5.17000007629395,291,0.0,1.35000002384186,0.0,605,8.22999954223633,12303,378,486,2016-04-05
2016-04-05,2201,14,4319703577,4.86999988555908,311,0.0,0.529999971389771,0.0,638,5.63000011444092,8359,507,544,2016-04-05
2016-04-05,2217,6,4445114986,2.52999997138977,235,0.0,0.239999994635582,0.0,702,2.83999991416931,4239,465,496,2016-04-05
2016-04-05,2848,16,4702921684,3.36999988555908,199,0.0,0.800000011920929,0.0,770,5.40999984741211,6670,404,440,2016-04-05
2016-04-05,2086,26,5553957443,4.09000015258789,218,0.0,0.980000019073486,0.0,772,7.38000011444092,11306,340,383,2016-04-05
2016-04-05,3597,18,5577150313,2.52999997138977,145,0.0,0.189999997615814,0.0,756,6.69999980926514,8964,390,414,2016-04-05
2016-04-05,2445,0,6117666160,7.48000001907349,384,0.0,0.0,0.0,990,7.48000001907349,9910,61,66,2016-04-05
2016-04-05,2158,17,6962181067,4.6100001335144,287,0.0,0.949999988079071,0.0,692,7.94000005722046,12010,358,406,2016-04-05
2016-04-05,2676,6,7007744171,4.28999996185303,284,4.83638000488281,0.46000000834465,0.0,1030,9.14000034332275,12084,66,70,2016-04-05
2016-04-05,2439,33,7086361926,2.60999989509583,132,0.0,0.529999971389771,0.0299999993294477,1159,4.98999977111816,7478,89,91,2016-04-05
2016-04-05,4128,15,8378563200,4.44000005722046,189,2.25308108329773,0.75,0.0,686,10.1899995803833,12846,414,437,2016-04-05
2016-04-05,2100,10,8792009665,1.29999995231628,111,0.0,0.180000007152557,0.0,904,1.49000000953674,2332,384,414,2016-04-05
2016-04-06,2202,0,1927972279,0.870000004768372,73,0.0,0.0,0.0,938,0.870000004768372,1259,414,429,2016-04-06
2016-04-06,1421,0,2026352035,1.97000002861023,185,0.0,0.0,0.0,738,1.97000002861023,3180,465,517,2016-04-06
2016-04-06,2058,46,2347167796,3.6800000667572,196,0.0,2.75999999046326,0.0,759,7.34000015258789,11107,372,425,2016-04-06
2016-04-06,1783,45,3977333714,6.86999988555908,331,0.0,1.82000005245209,0.0,614,10.3199996948242,15425,296,426,2016-04-06
2016-04-06,3253,0,4020332650,5.30999994277954,263,0.0,0.0,0.0,920,5.3600001335144,7476,245,257,2016-04-06
2016-04-06,2341,51,4319703577,4.71999979019165,308,0.0,2.08999991416931,0.0,569,7.34999990463257,10946,901,959,2016-04-06
2016-04-06,2374,2,4445114986,2.35999989509583,215,0.0,0.100000001490116,0.0,745,4.78000020980835,6911,431,450,2016-04-06
2016-04-06,2943,4,4702921684,5.63000011444092,248,0.0,0.209999993443489,0.0,708,6.17999982833862,7605,454,475,2016-04-06
2016-04-06,2044,28,5553957443,3.89000010490417,229,0.0,1.70000004768372,0.0,745,8.0,12252,385,405,2016-04-06
2016-04-06,3765,52,5577150313,3.80999994277954,190,0.0,1.37000000476837,0.0,695,8.30000019073486,11080,393,420,2016-04-06
2016-04-06,2694,0,6117666160,9.36999988555908,491,0.0,0.0,0.0,388,9.36999988555908,12409,523,561,2016-04-06
2016-04-06,3920,99,6775888955,4.67999982833862,300,0.0,2.44000005722046,0.0,550,8.43000030517578,11761,441,467,2016-04-06
2016-04-06,2170,14,6962181067,4.0,276,3.97279500961304,0.689999997615814,0.0,593,8.85999965667725,12480,474,502,2016-04-06
2016-04-06,2233,14,7086361926,2.52999997138977,124,0.0,0.779999971389771,0.0,814,4.73000001907349,7352,454,469,2016-04-06
2016-04-06,3798,6,8378563200,6.98999977111816,230,2.0921471118927,0.25,0.0,728,7.23999977111816,9124,403,421,2016-04-06
2016-04-06,2114,0,8792009665,1.36000001430511,122,0.0,0.0,0.0,855,1.36000001430511,2121,427,463,2016-04-06
2016-04-07,1392,0,2026352035,1.72000002861023,170,0.0,0.0,0.0,673,1.72000002861023,2767,540,597,2016-04-07
2016-04-07,2338,32,2347167796,4.94000005722046,315,0.0,1.23000001907349,0.0,1002,6.84999990463257,10320,70,76,2016-04-07
2016-04-07,1431,81,3977333714,2.03999996185303,139,0.0,3.59999990463257,0.0,815,5.63000011444092,8422,221,405,2016-04-07
2016-04-07,2236,11,4319703577,5.26999998092651,304,0.0,0.379999995231628,0.0,668,6.15000009536743,9130,433,450,2016-04-07
2016-04-07,2335,1,4445114986,2.54999995231628,208,0.0,0.0500000007450581,0.0,939,4.6100001335144,6667,262,268,2016-04-07
2016-04-07,2822,0,4702921684,5.34000015258789,210,0.0,0.0,0.0,770,5.34000015258789,6585,448,460,2016-04-07
2016-04-07,2249,39,5553957443,5.07999992370605,243,0.0,1.73000001907349,0.0,731,10.0799999237061,15444,338,376,2016-04-07
2016-04-07,2775,11,5577150313,2.21000003814697,146,0.0,0.259999990463257,0.0,756,3.35999989509583,4499,454,496,2016-04-07
2016-04-07,1903,0,6117666160,3.66000008583069,156,0.0,0.0,0.0,770,3.66000008583069,4853,499,514,2016-04-07
2016-04-07,3856,114,6775888955,3.8199999332428,250,0.0,3.33999991416931,0.0,739,10.0299997329712,13987,275,291,2016-04-07
2016-04-07,2244,16,6962181067,4.90999984741211,284,1.92630195617676,1.25,0.100000001490116,665,9.64999961853027,13417,423,430,2016-04-07
2016-04-07,2840,33,7007744171,4.28000020980835,265,4.87598991394043,1.19000005722046,0.0,1015,10.5799999237061,14100,63,66,2016-04-07
2016-04-07,2862,30,7086361926,2.4300000667572,127,0.0,1.12000000476837,0.0299999993294477,695,10.8199996948242,14604,503,512,2016-04-07
2016-04-07,3839,11,8378563200,4.76999998092651,181,2.25308108329773,0.529999971389771,0.0,670,7.71000003814697,9725,458,495,2016-04-07
2016-04-07,1961,0,8792009665,0.829999983310699,77,0.0,0.0,0.0,888,0.829999983310699,1291,446,475,2016-04-07
2016-04-08,1425,0,2026352035,2.32999992370605,173,0.0,0.0,0.0,719,2.32999992370605,3762,521,548,2016-04-08
2016-04-08,2104,6,2347167796,6.23000001907349,316,0.0,0.349999994039536,0.0,711,6.75,10209,380,405,2016-04-08
2016-04-08,1524,101,3977333714,2.40000009536743,174,0.0,4.44000005722046,0.0,685,6.84000015258789,10226,305,480,2016-04-08
2016-04-08,2303,0,4445114986,3.72000002861023,266,0.0,0.0,0.0,941,3.72000002861023,5543,219,233,2016-04-08
2016-04-08,2981,15,4702921684,5.94999980926514,247,0.0,0.620000004768372,0.0,808,6.6399998664856,8184,345,370,2016-04-08
2016-04-08,2019,24,5553957443,3.07999992370605,193,0.0,1.27999997138977,0.0,767,6.48999977111816,9938,379,417,2016-04-08
2016-04-08,2486,2,5577150313,3.07999992370605,156,0.0,0.0599999986588955,0.0,813,3.25999999046326,4363,451,461,2016-04-08
2016-04-08,2188,37,6962181067,5.53000020980835,276,5.45686388015747,2.88000011444092,0.0,697,10.8800001144409,14400,402,403,2016-04-08
2016-04-08,2752,48,7086361926,2.58999991416931,140,0.0,1.39999997615814,0.0,797,6.51999998092651,9634,389,405,2016-04-08
2016-04-08,3713,10,8378563200,4.6100001335144,167,2.0921471118927,0.529999971389771,0.0,868,6.61999988555908,8350,302,323,2016-04-08
2016-04-08,1953,8,8792009665,0.629999995231628,71,0.0,0.209999993443489,0.0,912,0.939999997615814,1467,424,447,2016-04-08
2016-04-09,1883,15,1503960366,4.92000007629395,248,0.0,0.589999973773956,0.0,738,8.10000038146973,12432,380,407,2016-04-09
2016-04-09,1807,0,1844505072,3.28999996185303,184,0.0,0.0,0.0,620,3.28999996185303,4979,221,636,2016-04-09
2016-04-09,2443,9,1927972279,1.37999999523163,134,0.0,0.370000004768372,0.0,1250,1.75,2523,39,47,2016-04-09
2016-04-09,1413,0,2026352035,1.91999995708466,185,0.0,0.0,0.0,700,1.91999995708466,3098,490,555,2016-04-09
2016-04-09,2488,32,2347167796,7.55999994277954,401,0.0,1.82000005245209,0.0,970,10.6300001144409,16081,18,21,2016-04-09
2016-04-09,1697,36,3977333714,5.53000020980835,254,0.0,1.74000000953674,0.0,697,9.76000022888184,14583,273,418,2016-04-09
2016-04-09,2210,0,4445114986,2.80999994277954,239,0.0,0.0,0.0,758,2.80999994277954,4195,391,443,2016-04-09
2016-04-09,3597,56,4702921684,8.0600004196167,381,0.0,2.6800000667572,0.0,407,11.3599996566772,14002,425,588,2016-04-09
2016-04-09,1692,0,5553957443,3.0,176,0.0,0.0,0.0,578,3.0,4599,619,686,2016-04-09
2016-04-09,3817,62,5577150313,2.15000009536743,138,0.0,0.779999971389771,0.0,601,7.84000015258789,10494,499,516,2016-04-09
2016-04-09,2617,0,6117666160,8.14999961853027,506,0.0,0.0,0.0,413,8.14999961853027,10789,435,467,2016-04-09
2016-04-09,2231,19,6962181067,4.96000003814697,324,0.0,1.0900000333786,0.0,609,8.26000022888184,12495,434,455,2016-04-09
2016-04-09,2519,5,7086361926,3.46000003814697,204,0.0,0.129999995231628,0.0,717,4.67000007629395,7338,466,487,2016-04-09
2016-04-09,2606,0,8378563200,1.77999997138977,110,0.0,0.0,0.0,843,1.77999997138977,2240,405,487,2016-04-09
2016-04-09,1890,0,8792009665,0.649999976158142,63,0.0,0.0,0.0,739,0.649999976158142,1022,601,638,2016-04-09
2016-04-10,1755,13,1503960366,2.48000001907349,168,0.0,0.490000009536743,0.0,737,6.98000001907349,10057,455,478,2016-04-10
2016-04-10,1971,0,1844505072,4.32999992370605,305,0.0,0.0,0.0,810,4.34000015258789,6556,277,325,2016-04-10
2016-04-10,2442,0,1927972279,1.46000003814697,139,0.0,0.0,0.0,805,1.46000003814697,2105,479,496,2016-04-10
2016-04-10,1515,0,2026352035,3.19000005722046,230,0.0,0.0,0.0,654,3.19000005722046,5142,504,556,2016-04-10
2016-04-10,2164,3,2347167796,5.69000005722046,303,0.0,0.119999997317791,0.0,463,6.82999992370605,10078,601,659,2016-04-10
2016-04-10,1232,8,3977333714,0.970000028610229,99,0.0,0.409999996423721,0.0,866,2.39000010490417,3573,293,452,2016-04-10
2016-04-10,2817,7,4020332650,3.21000003814697,176,0.0,0.239999994635582,0.00999999977648258,1178,3.6800000667572,5129,74,74,2016-04-10
2016-04-10,2424,0,4445114986,4.44999980926514,316,0.0,0.0,0.0,755,4.44999980926514,6625,347,369,2016-04-10
2016-04-10,3224,25,4702921684,7.78999996185303,331,0.0,1.1599999666214,0.0,528,9.02999973297119,11135,533,555,2016-04-10
2016-04-10,1712,25,5553957443,1.88999998569489,150,0.0,1.48000001907349,0.0,552,3.65000009536743,5594,629,709,2016-04-10
2016-04-10,3378,35,5577150313,3.01999998092651,162,0.0,1.42999994754791,0.0,721,7.38000011444092,9776,412,442,2016-04-10
2016-04-10,2100,7,6962181067,5.13000011444092,306,0.0,0.219999998807907,0.0,679,6.71000003814697,10148,414,429,2016-04-10
2016-04-10,1799,0,7086361926,0.340000003576279,27,0.0,0.0,0.0,1368,0.349999994039536,569,36,45,2016-04-10
2016-04-10,2624,0,8378563200,2.08999991416931,117,0.0,0.0,0.0,727,2.08999991416931,2631,568,596,2016-04-10
2016-04-11,1811,14,1503960366,4.65000009536743,216,0.0,0.569999992847443,0.0,855,7.26000022888184,10990,310,329,2016-04-11
2016-04-11,2255,0,1927972279,0.839999973773956,73,0.0,0.0,0.0,842,0.839999973773956,1209,620,649,2016-04-11
2016-04-11,1405,0,2026352035,2.02999997138977,164,0.0,0.0,0.0,694,2.02999997138977,3279,703,774,2016-04-11
2016-04-11,2009,52,2347167796,3.35999989509583,196,0.0,2.9300000667572,0.0,788,6.6100001335144,10001,353,399,2016-04-11
2016-04-11,1223,1,3977333714,1.96000003814697,129,0.0,0.0399999991059303,0.0,894,2.14000010490417,3108,282,415,2016-04-11
2016-04-11,2507,0,4020332650,2.08999991416931,114,0.0,0.0,0.0,888,2.15000009536743,2993,571,601,2016-04-11
2016-04-11,2297,5,4445114986,1.95000004768372,195,0.0,0.230000004172325,0.0,789,4.13000011444092,5986,395,428,2016-04-11
2016-04-11,2677,0,4702921684,5.26999998092651,207,0.0,0.0,0.0,809,5.26999998092651,6499,378,385,2016-04-11
2016-04-11,2065,27,5553957443,3.99000000953674,234,0.0,1.51999998092651,0.0,688,7.76999998092651,11906,523,559,2016-04-11
2016-04-11,1511,17,5577150313,0.839999973773956,54,0.0,0.25,0.0,209,2.14000010490417,2862,387,412,2016-04-11
2016-04-11,2188,38,6962181067,5.26999998092651,297,2.69645500183105,2.73000001907349,0.0,678,9.09000015258789,12362,393,406,2016-04-11
2016-04-11,2543,22,7086361926,2.9300000667572,126,0.0,0.230000004172325,0.0,741,3.92000007629395,6242,601,614,2016-04-11
2016-04-11,3775,17,8378563200,4.59000015258789,182,2.0921471118927,0.879999995231628,0.0,811,7.01000022888184,8837,421,457,2016-04-11
2016-04-12,50,0,1503960366,0.129999995231628,9,0.0,0.0,0.0,32,0.140000000596046,224,327,346,2016-04-12
2016-04-12,1985,13,1503960366,6.059999943,328,0.0,0.550000012,0.0,728,8.5,13162,327,346,2016-04-12
2016-04-12,2220,0,1927972279,0.469999999,55,0.0,0.0,0.0,734,0.469999999,678,1108,1149,2016-04-12
2016-04-12,942,0,1927972279,0.0199999995529652,3,0.0,0.0,0.0,161,0.0199999995529652,24,1108,1149,2016-04-12
2016-04-12,1459,8,2026352035,2.200000048,181,0.0,0.349999994,0.0,706,2.74000001,4414,845,896,2016-04-12
2016-04-12,600,0,2026352035,0.629999995231628,64,0.0,0.0,0.0,223,0.629999995231628,1019,845,896,2016-04-12
2016-04-12,2344,13,2347167796,4.199999809,320,0.0,0.620000005,0.0,964,6.829999924,10113,107,115,2016-04-12
2016-04-12,399,0,2347167796,0.0,0,0.0,0.0,0.0,425,0.0,0,107,115,2016-04-12
2016-04-12,182,0,3977333714,0.569999992847443,17,0.0,0.0,0.0,187,0.569999992847443,759,274,469,2016-04-12
2016-04-12,1450,19,3977333714,2.00999999,131,0.0,0.910000026,0.0,777,5.980000019,8856,274,469,2016-04-12
2016-04-12,3654,15,4020332650,5.679999828,331,0.0,0.239999995,0.0,712,6.119999886,8539,356,378,2016-04-12
2016-04-12,446,0,4020332650,0.00999999977648258,1,0.0,0.0,0.0,321,0.00999999977648258,8,356,378,2016-04-12
2016-04-12,2113,0,4445114986,2.200000048,196,0.0,0.0,0.0,787,2.200000048,3276,737,789,2016-04-12
2016-04-12,745,0,4445114986,0.189999997615814,20,0.0,0.0,0.0,253,0.189999997615814,278,737,789,2016-04-12
2016-04-12,2947,0,4702921684,5.849999905,263,0.0,0.0,0.0,718,5.880000114,7213,442,458,2016-04-12
2016-04-12,0,0,4702921684,0.0,0,0.0,0.0,0.0,1440,0.0,0,442,458,2016-04-12
2016-04-12,2026,13,5553957443,5.409999847,277,0.0,0.790000021,0.0,767,7.570000172,11596,692,728,2016-04-12
2016-04-12,633,11,5553957443,1.04999995231628,50,0.0,0.670000016689301,0.0,61,2.24000000953674,3436,692,728,2016-04-12
2016-04-12,3405,16,5577150313,2.099999905,140,0.0,0.379999995,0.0,728,6.079999924,8135,453,470,2016-04-12
2016-04-12,917,9,6962181067,0.46000000834465,48,0.0,0.560000002384186,0.0,146,3.90000009536743,5893,736,778,2016-04-12
2016-04-12,1994,14,6962181067,2.50999999,189,0.0,0.829999983,0.0,796,6.739999771,10199,736,778,2016-04-12
2016-04-12,2772,6,7086361926,2.970000029,153,0.0,0.150000006,0.0,745,8.409999847,11317,873,892,2016-04-12
2016-04-12,625,0,7086361926,0.259999990463257,14,0.0,0.0,0.0,75,0.259999990463257,430,873,892,2016-04-12
2016-04-12,3635,15,8378563200,4.5,156,2.25308108329773,0.709999979,0.0,723,6.050000191,7626,693,736,2016-04-12
2016-04-12,1882,15,8378563200,1.02999997138977,49,2.25308108329773,0.709999978542328,0.0,243,2.5699999332428,3246,693,736,2016-04-12
2016-04-12,2044,0,8792009665,1.639999986,116,0.0,0.0,0.0,831,1.639999986,2564,458,493,2016-04-12
2016-04-12,728,0,8792009665,0.00999999977648258,6,0.0,0.0,0.0,598,0.00999999977648258,20,458,493,2016-04-12
2016-04-13,1797,19,1503960366,4.710000038,217,0.0,0.689999998,0.0,776,6.96999979,10735,384,407,2016-04-13
2016-04-13,2151,0,1927972279,0.25,32,0.0,0.0,0.0,986,0.25,356,398,422,2016-04-13
2016-04-13,1521,0,2026352035,3.099999905,238,0.0,0.0,0.0,663,3.099999905,4993,511,539,2016-04-13
2016-04-13,2038,32,2347167796,3.410000086,195,0.0,1.940000057,0.0,676,7.010000229,10352,441,518,2016-04-13
2016-04-13,1495,46,3977333714,2.549999952,153,0.0,2.130000114,0.0,754,6.710000038,10035,295,456,2016-04-13
2016-04-13,2135,15,4319703577,1.309999943,96,0.0,0.589999974,0.0,1234,5.5,8204,79,87,2016-04-13
2016-04-13,2095,0,4445114986,1.99000001,194,0.0,0.0,0.0,840,1.99000001,2961,370,406,2016-04-13
2016-04-13,2898,0,4702921684,5.579999924,258,0.0,0.0,0.0,777,5.579999924,6877,376,405,2016-04-13
2016-04-13,1718,0,5553957443,3.160000086,226,0.0,0.0,0.0,647,3.160000086,4832,529,567,2016-04-13
2016-04-13,2551,11,5577150313,3.25,144,0.0,0.219999999,0.0,776,3.789999962,5077,467,494,2016-04-13
2016-04-13,2400,18,6775888955,1.220000029,85,0.0,0.579999983,0.0,1053,2.910000086,4053,235,267,2016-04-13
2016-04-13,1718,24,6962181067,1.960000038,142,0.0,1.210000038,0.0,548,3.74000001,5652,660,718,2016-04-13
2016-04-13,2516,26,7086361926,2.839999914,155,0.0,0.209999993,0.0,744,3.619999886,5813,474,484,2016-04-13
2016-04-13,4079,14,8378563200,4.210000038,169,2.0921471118927,0.649999976,0.0,680,9.819999695,12386,437,461,2016-04-13
2016-04-13,1934,0,8792009665,0.839999974,82,0.0,0.0,0.0,806,0.839999974,1320,531,552,2016-04-13
2016-04-14,2130,0,1844505072,5.230000019,373,0.0,0.0,0.0,843,5.25,7937,0,224,2016-04-14
2016-04-14,2383,9,1927972279,1.100000024,88,0.0,0.400000006,0.0,1292,1.5,2163,47,51,2016-04-14
2016-04-14,1431,0,2026352035,2.049999952,197,0.0,0.0,0.0,653,2.069999933,3335,560,590,2016-04-14
2016-04-14,2010,48,2347167796,3.940000057,206,0.0,2.74000001,0.0,705,6.699999809,10129,450,480,2016-04-14
2016-04-14,1433,23,3977333714,3.819999933,214,0.0,0.970000029,0.0,801,5.110000134,7641,291,397,2016-04-14
2016-04-14,2302,9,4319703577,6.440000057,339,0.0,0.330000013,0.0,589,6.880000114,10210,486,502,2016-04-14
2016-04-14,2998,35,4388161847,5.619999886,219,0.0,1.070000052,0.0,945,6.820000172,8863,208,231,2016-04-14
2016-04-14,2194,0,4445114986,2.670000076,231,0.0,0.0,0.0,717,2.670000076,3974,441,492,2016-04-14
2016-04-14,2984,0,4702921684,6.369999886,271,0.0,0.0,0.0,772,6.369999886,7860,365,396,2016-04-14
2016-04-14,2324,41,5553957443,4.670000076,256,0.0,2.450000048,0.0,693,11.11999989,17022,325,388,2016-04-14
2016-04-14,4022,30,5577150313,2.779999971,176,0.0,0.310000002,0.0,662,6.420000076,8596,435,454,2016-04-14
2016-04-14,2507,24,6775888955,1.970000029,105,0.0,0.860000014,0.0,863,3.700000048,5162,423,434,2016-04-14
2016-04-14,1466,0,6962181067,1.029999971,86,0.0,0.0,0.0,862,1.029999971,1551,474,492,2016-04-14
2016-04-14,2734,32,7086361926,3.660000086,189,0.0,0.330000013,0.0,787,6.119999886,9123,396,397,2016-04-14
2016-04-14,4163,21,8378563200,3.910000086,174,2.25308108329773,1.029999971,0.0,699,10.56000042,13318,399,423,2016-04-14
2016-04-14,1963,0,8792009665,0.779999971,84,0.0,0.0,0.0,853,0.779999971,1219,486,503,2016-04-14
2016-04-15,1745,34,1503960366,2.829999924,209,0.0,1.25999999,0.0,726,6.28000021,9762,412,442,2016-04-15
2016-04-15,1725,0,1844505072,2.539999962,176,0.0,0.0,0.0,527,2.539999962,3844,644,737,2016-04-15
2016-04-15,2221,0,1927972279,0.680000007,51,0.0,0.0,0.0,941,0.680000007,980,428,448,2016-04-15
2016-04-15,1444,0,2026352035,2.369999886,188,0.0,0.0,0.0,687,2.369999886,3821,517,565,2016-04-15
2016-04-15,2133,24,2347167796,5.429999828,284,0.0,1.419999957,0.0,720,6.920000076,10465,366,411,2016-04-15
2016-04-15,1468,42,3977333714,3.25999999,183,0.0,1.75,0.0,644,6.059999943,9010,424,556,2016-04-15
2016-04-15,1985,0,4319703577,3.799999952,228,0.0,0.0,0.0,752,3.799999952,5664,435,459,2016-04-15
2016-04-15,3066,0,4388161847,6.730000019,299,0.0,0.0,0.0,837,6.730000019,8758,298,304,2016-04-15
2016-04-15,2496,0,4445114986,4.829999924,350,0.0,0.0,0.0,711,4.829999924,7198,337,379,2016-04-15
2016-04-15,2896,8,4702921684,4.789999962,256,0.0,0.419999987,0.0,944,5.28000021,6506,230,231,2016-04-15
2016-04-15,2254,38,5553957443,4.710000038,239,0.0,1.980000019,0.0,689,10.85999966,16556,388,415,2016-04-15
2016-04-15,4005,54,5577150313,3.559999943,199,0.0,1.600000024,0.0,695,9.079999924,12087,355,376,2016-04-15
2016-04-15,2127,0,6775888955,0.920000017,58,0.0,0.0,0.0,976,0.920000017,1282,391,406,2016-04-15
2016-04-15,1756,0,6962181067,3.680000067,217,0.0,0.0,0.0,837,3.680000067,5563,370,386,2016-04-15
2016-04-15,2395,21,7086361926,2.529999971,139,0.0,1.110000014,0.0,864,5.670000076,8585,377,386,2016-04-15
2016-04-15,3666,23,8378563200,5.409999847,190,0.0,1.149999976,0.0,729,11.47000027,14461,418,438,2016-04-15
2016-04-15,2009,0,8792009665,1.590000033,126,0.0,0.0,0.0,937,1.590000033,2483,363,377,2016-04-15
2016-04-16,1863,10,1503960366,5.039999962,221,0.0,0.409999996,0.0,773,8.159999847,12669,372,400,2016-04-16
2016-04-16,1373,0,2026352035,1.580000043,150,0.0,0.0,0.0,728,1.580000043,2547,500,562,2016-04-16
2016-04-16,2670,72,2347167796,5.53000021,268,0.0,4.099999905,0.0,968,15.07999992,22244,62,66,2016-04-16
2016-04-16,1625,83,3977333714,2.970000029,153,0.0,4.0,0.0,663,9.0,13459,283,510,2016-04-16
2016-04-16,3051,21,4020332650,0.589999974,55,0.0,0.370000005,0.0,1222,1.419999957,1982,77,77,2016-04-16
2016-04-16,1884,0,4319703577,3.180000067,194,0.0,0.0,0.0,724,3.180000067,4744,506,522,2016-04-16
2016-04-16,3073,9,4388161847,4.449999809,253,0.0,0.400000006,0.0,609,5.059999943,6580,540,563,2016-04-16
2016-04-16,2180,0,4445114986,2.650000095,225,0.0,0.0,0.0,716,2.650000095,3945,462,499,2016-04-16
2016-04-16,3328,24,4702921684,7.539999962,335,0.0,1.25,0.0,556,9.029999733,11140,498,522,2016-04-16
2016-04-16,1831,0,5553957443,3.769999981,288,0.0,0.0,0.0,521,3.769999981,5771,598,631,2016-04-16
2016-04-16,4274,56,5577150313,2.730000019,158,0.0,1.279999971,0.0,472,10.65999985,14269,521,570,2016-04-16
2016-04-16,2828,15,6117666160,9.479999542,518,0.0,0.850000024,0.0,502,10.90999985,14450,380,398,2016-04-16
2016-04-16,2173,3,6962181067,4.880000114,280,0.0,0.189999998,0.0,741,8.739999771,13217,357,366,2016-04-16
2016-04-16,2076,0,7007744171,3.099999905,203,0.0,0.0,0.0,1155,3.099999905,4631,79,82,2016-04-16
2016-04-16,3363,21,8378563200,2.440000057,142,0.0,1.070000052,0.0,563,8.890000343,11207,566,650,2016-04-16
2016-04-17,1728,20,1503960366,2.50999999,164,0.0,0.779999971,0.0,539,6.480000019,9705,668,679,2016-04-17
2016-04-17,1214,0,2026352035,0.519999981,60,0.0,0.0,0.0,1053,0.519999981,838,309,327,2016-04-17
2016-04-17,1882,7,2347167796,3.25999999,249,0.0,0.280000001,0.0,508,3.619999886,5472,627,675,2016-04-17
2016-04-17,1529,58,3977333714,3.920000076,205,0.0,2.349999905,0.0,600,6.96999979,10415,381,566,2016-04-17
2016-04-17,1464,0,4319703577,0.02,3,0.0,0.0,0.0,1363,0.02,29,56,74,2016-04-17
2016-04-17,2572,0,4388161847,3.579999924,201,0.0,0.0,0.0,721,3.579999924,4660,498,517,2016-04-17
2016-04-17,1933,0,4445114986,1.519999981,114,0.0,0.0,0.0,1219,1.519999981,2268,98,107,2016-04-17
2016-04-17,3394,66,4702921684,5.880000114,302,0.0,3.460000038,0.0,437,10.28999996,12692,592,623,2016-04-17
2016-04-17,1397,0,5553957443,0.430000007,46,0.0,0.0,0.0,943,0.430000007,655,398,451,2016-04-17
2016-04-17,4552,37,5577150313,2.319999933,159,0.0,0.829999983,0.0,525,9.140000343,12231,481,519,2016-04-17
2016-04-17,2225,0,6117666160,5.400000095,312,0.0,0.0,0.0,702,5.400000095,7150,409,426,2016-04-17
2016-04-17,2027,13,6962181067,5.690000057,295,0.0,0.680000007,0.0,634,6.710000038,10145,474,493,2016-04-17
2016-04-17,2572,0,8378563200,1.690000057,93,0.0,0.0,0.0,599,1.690000057,2132,655,748,2016-04-17
2016-04-18,1419,0,2026352035,2.059999943,182,0.0,0.0,0.0,1062,2.059999943,3325,169,196,2016-04-18
2016-04-18,1944,16,2347167796,3.789999962,206,0.0,0.860000014,0.0,678,5.449999809,8247,460,529,2016-04-18
2016-04-18,1584,95,3977333714,3.819999933,214,0.0,3.730000019,0.0,605,7.800000191,11663,412,522,2016-04-18
2016-04-18,1632,9,4319703577,1.120000005,58,0.0,0.330000013,0.0,824,1.549999952,2276,513,548,2016-04-18
2016-04-18,3274,8,4388161847,5.139999866,239,0.0,0.400000006,0.0,1017,9.100000381,11009,138,149,2016-04-18
2016-04-18,3013,30,4702921684,4.070000172,191,0.0,1.49000001,0.0,890,7.380000114,9105,288,307,2016-04-18
2016-04-18,1683,0,5553957443,2.430000067,206,0.0,0.0,0.0,622,2.430000067,3727,585,612,2016-04-18
2016-04-18,3625,32,5577150313,1.820000052,130,0.0,0.720000029,0.0,623,7.389999866,9893,529,541,2016-04-18
2016-04-18,2018,0,6117666160,3.890000105,241,0.0,0.0,0.0,759,3.910000086,5153,426,440,2016-04-18
2016-04-18,2039,42,6962181067,4.320000172,238,0.0,2.390000105,0.0,689,7.539999962,11404,433,458,2016-04-18
2016-04-18,2743,51,7086361926,2.309999943,114,0.0,1.220000029,0.0,1136,6.710000038,9827,71,78,2016-04-18
2016-04-18,4157,10,8378563200,5.199999809,174,2.0921471118927,0.560000002,0.0,720,10.81000042,13630,381,419,2016-04-18
2016-04-19,2035,31,1503960366,5.03000021,264,0.0,1.320000052,0.0,775,9.880000114,15506,304,320,2016-04-19
2016-04-19,1356,0,2026352035,1.5,141,0.0,0.0,0.0,785,1.5,2424,469,514,2016-04-19
2016-04-19,2346,7,2347167796,4.440000057,382,0.0,0.0,0.0,648,4.440000057,6711,372,403,2016-04-19
2016-04-19,1638,67,3977333714,3.960000038,221,0.0,2.450000048,0.0,738,8.779999733,12414,219,395,2016-04-19
2016-04-19,2200,0,4319703577,5.989999771,311,0.0,0.0,0.0,604,5.989999771,8925,493,525,2016-04-19
2016-04-19,3015,16,4388161847,5.769999981,249,0.0,0.689999998,0.0,704,7.829999924,10181,433,451,2016-04-19
2016-04-19,1954,0,4445114986,1.389999986,121,0.0,0.0,0.0,895,1.389999986,2064,388,424,2016-04-19
2016-04-19,2812,8,4702921684,4.190000057,179,0.0,0.370000005,0.0,757,5.440000057,6708,466,486,2016-04-19
2016-04-19,2284,28,5553957443,4.179999828,249,0.0,1.659999967,0.0,756,10.10999966,15482,292,338,2016-04-19
2016-04-19,3501,23,5577150313,1.75999999,111,0.0,0.639999986,0.0,733,9.420000076,12574,439,465,2016-04-19
2016-04-19,2606,0,6117666160,8.409999847,480,0.0,0.0,0.0,425,8.409999847,11135,504,534,2016-04-19
2016-04-19,2046,41,6962181067,2.869999886,195,0.0,2.130000114,0.0,659,7.099999905,10742,457,510,2016-04-19
2016-04-19,2944,69,7086361926,2.50999999,124,0.0,1.230000019,0.0,671,7.289999962,10688,499,509,2016-04-19
2016-04-19,4092,19,8378563200,4.179999828,154,2.25308108329773,0.879999995,0.0,737,10.35999966,13070,384,410,2016-04-19
2016-04-20,1786,12,1503960366,4.239999771,205,0.0,0.479999989,0.0,818,6.679999828,10544,360,377,2016-04-20
2016-04-20,1667,0,2026352035,4.480000019,327,0.0,0.0,0.0,623,4.480000019,7222,443,490,2016-04-20
2016-04-20,2198,43,2347167796,4.78000021,269,0.0,1.809999943,0.0,1011,7.269999981,10999,98,106,2016-04-20
2016-04-20,1554,98,3977333714,3.279999971,164,0.0,4.349999905,0.0,845,7.829999924,11658,152,331,2016-04-20
2016-04-20,2220,18,4319703577,5.309999943,306,0.0,0.680000007,0.0,671,6.010000229,8954,437,445,2016-04-20
2016-04-20,3083,42,4388161847,5.289999962,228,0.0,1.720000029,0.0,696,8.119999886,10553,430,455,2016-04-20
2016-04-20,1974,0,4445114986,1.389999986,137,0.0,0.0,0.0,841,1.389999986,2072,439,462,2016-04-20
2016-04-20,3061,29,4702921684,5.730000019,260,0.0,1.230000019,0.0,717,7.130000114,8793,416,431,2016-04-20
2016-04-20,1570,0,5553957443,1.769999981,148,0.0,0.0,0.0,598,1.769999981,2713,665,694,2016-04-20
2016-04-20,3192,16,5577150313,1.75999999,113,0.0,0.340000004,0.0,773,6.21999979,8330,421,451,2016-04-20
2016-04-20,2536,10,6117666160,5.519999981,349,0.0,0.479999989,0.0,587,8.020000458,10449,441,467,2016-04-20
2016-04-20,2174,4,6962181067,5.090000153,297,0.0,0.189999998,0.0,639,9.550000191,13928,446,452,2016-04-20
2016-04-20,2997,13,7086361926,2.539999962,145,0.0,0.449999988,0.0,797,10.64000034,14365,394,398,2016-04-20
2016-04-20,3043,5,8053475328,2.380000114,158,0.0,0.230000004,0.0,695,12.18999958,15108,486,493,2016-04-20
2016-04-20,3787,8,8378563200,4.78000021,169,2.0921471118927,0.439999998,0.0,763,7.440000057,9388,396,418,2016-04-20
2016-04-20,2188,10,8792009665,1.74000001,139,0.0,0.280000001,0.0,744,2.00999999,3147,528,547,2016-04-20
2016-04-21,1775,8,1503960366,4.650000095,211,0.0,0.349999994,0.0,838,6.340000153,9819,325,364,2016-04-21
2016-04-21,1370,0,2026352035,1.529999971,153,0.0,0.0,0.0,749,1.529999971,2467,510,538,2016-04-21
2016-04-21,2048,26,2347167796,3.380000114,208,0.0,1.529999971,0.0,761,6.75,10080,400,422,2016-04-21
2016-04-21,1397,0,3977333714,4.059999943,242,0.0,0.0,0.0,712,4.079999924,6093,332,486,2016-04-21
2016-04-21,1792,0,4319703577,0.349999994,34,0.0,0.0,0.0,1265,2.480000019,3702,129,141,2016-04-21
2016-04-21,3069,12,4388161847,6.980000019,272,0.0,0.389999986,0.0,853,7.730000019,10055,290,296,2016-04-21
2016-04-21,2150,0,4445114986,2.539999962,215,0.0,0.0,0.0,756,2.559999943,3809,436,469,2016-04-21
2016-04-21,2486,21,4558609924,7.699999809,432,0.0,0.970000029,0.0,844,9.079999924,13743,126,137,2016-04-21
2016-04-21,2729,41,4702921684,2.940000057,144,0.0,2.049999952,0.0,901,5.300000191,6530,342,350,2016-04-21
2016-04-21,2066,42,5553957443,2.960000038,177,0.0,2.160000086,0.0,801,8.06000042,12346,349,372,2016-04-21
2016-04-21,4018,74,5577150313,2.779999971,175,0.0,1.659999967,0.0,670,8.090000153,10830,385,410,2016-04-21
2016-04-21,4900,19,6117666160,5.619999886,294,0.0,0.400000006,0.0,579,15.01000023,19542,496,537,2016-04-21
2016-04-21,2179,27,6962181067,3.50999999,214,4.08169221878052,2.099999905,0.109999999403954,708,9.710000038,11835,433,438,2016-04-21
2016-04-21,2463,6,7086361926,4.510000229,206,0.0,0.300000012,0.0,758,6.179999828,9469,416,451,2016-04-21
2016-04-21,4236,16,8378563200,4.289999962,145,2.25308108329773,0.819999993,0.0,677,12.01000023,15148,449,465,2016-04-21
2016-04-22,1399,0,2026352035,1.809999943,162,0.0,0.0,0.0,712,1.809999943,2915,534,566,2016-04-22
2016-04-22,1946,27,2347167796,2.920000076,206,0.0,1.679999948,0.0,781,5.159999847,7804,367,417,2016-04-22
2016-04-22,1481,12,3977333714,3.059999943,188,0.0,0.579999983,0.0,731,5.960000038,8911,355,476,2016-04-22
2016-04-22,1886,19,4319703577,2.150000095,176,0.0,0.810000002,0.0,709,3.019999981,4500,516,535,2016-04-22
2016-04-22,3544,25,4388161847,4.920000076,220,0.0,1.110000014,0.0,945,9.340000153,12139,164,173,2016-04-22
2016-04-22,2432,0,4445114986,4.579999924,317,0.0,0.0,0.0,706,4.579999924,6831,388,417,2016-04-22
2016-04-22,2241,0,4702921684,1.350000024,72,0.0,0.0,0.0,1341,1.350000024,1664,27,27,2016-04-22
2016-04-22,2105,16,5553957443,5.599999905,270,0.0,0.629999995,0.0,781,7.630000114,11682,317,348,2016-04-22
2016-04-22,3329,30,5577150313,3.299999952,200,0.0,0.790000021,0.0,823,6.849999905,9172,308,325,2016-04-22
2016-04-22,2409,0,6117666160,6.199999809,402,0.0,0.0,0.0,413,6.199999809,8206,568,625,2016-04-22
2016-04-22,2086,33,6962181067,3.769999981,240,0.0,1.549999952,0.0,659,7.090000153,10725,456,478,2016-04-22
2016-04-22,2846,59,7086361926,2.670000076,153,0.0,0.970000029,0.0,762,6.53000021,9753,402,408,2016-04-22
2016-04-22,4044,12,8378563200,4.179999828,159,2.0921471118927,0.589999974,0.0,769,9.670000076,12200,356,387,2016-04-22
2016-04-22,2419,20,8792009665,2.269999981,195,0.0,0.280000001,0.0,817,2.599999905,4068,391,407,2016-04-22
2016-04-23,1949,21,1503960366,5.360000134,262,0.0,0.870000005,0.0,732,9.039999962,14371,361,384,2016-04-23
2016-04-23,1916,0,2026352035,7.710000038,432,0.0,0.0,0.0,458,7.710000038,12357,513,550,2016-04-23
2016-04-23,1804,0,2320127002,3.420000076,242,0.0,0.0,0.0,1129,3.420000076,5079,61,69,2016-04-23
2016-04-23,2629,35,2347167796,7.150000095,360,0.0,1.450000048,0.0,591,11.36999989,16901,407,422,2016-04-23
2016-04-23,1638,92,3977333714,3.849999905,252,0.0,4.21999979,0.0,724,8.069999695,12058,235,372,2016-04-23
2016-04-23,1945,0,4319703577,3.309999943,233,0.0,0.0,0.0,546,3.309999943,4935,639,661,2016-04-23
2016-04-23,3306,5,4388161847,5.349999905,215,0.0,0.319999993,0.0,749,10.18000031,13236,396,413,2016-04-23
2016-04-23,3691,66,4702921684,8.270000458,408,0.0,3.24000001,0.0,469,12.27000046,15126,477,487,2016-04-23
2016-04-23,1776,0,5553957443,2.680000067,272,0.0,0.0,0.0,443,2.690000057,4112,631,725,2016-04-23
2016-04-23,3152,24,5577150313,4.139999866,223,0.0,0.360000014,0.0,627,5.710000038,7638,501,542,2016-04-23
2016-04-23,2651,0,6117666160,8.680000305,512,0.0,0.0,0.0,468,8.680000305,11495,422,460,2016-04-23
2016-04-23,2571,41,6962181067,7.039999962,347,0.0,2.0,0.0,484,13.23999977,20031,468,472,2016-04-23
2016-04-23,3554,14,8053475328,4.019999981,223,0.0,0.629999995,0.0,741,17.19000053,22359,331,337,2016-04-23
2016-04-23,2908,10,8378563200,2.480000019,136,0.0,0.519999981,0.0,740,4.53000021,5709,508,535,2016-04-23
2016-04-23,2748,45,8792009665,2.75,232,0.0,0.439999998,0.0,795,3.359999895,5245,339,360,2016-04-23
2016-04-24,1788,5,1503960366,3.279999971,238,0.0,0.209999993,0.0,709,6.409999847,10039,430,449,2016-04-24
2016-04-24,1401,0,2026352035,2.160000086,164,0.0,0.0,0.0,704,2.160000086,3490,549,572,2016-04-24
2016-04-24,2187,0,2347167796,6.260000229,360,0.0,0.0,0.0,584,6.260000229,9471,482,496,2016-04-24
2016-04-24,1655,95,3977333714,2.170000076,129,0.0,4.559999943,0.0,660,10.0,14112,310,526,2016-04-24
2016-04-24,1880,5,4319703577,2.470000029,191,0.0,0.200000003,0.0,692,2.74000001,4081,516,551,2016-04-24
2016-04-24,2885,8,4388161847,6.300000191,239,0.0,0.50999999,0.0,584,7.880000114,10243,552,595,2016-04-24
2016-04-24,3538,95,4702921684,5.880000114,281,0.0,5.119999886,0.0,542,12.22000027,15050,480,507,2016-04-24
2016-04-24,1507,0,5553957443,1.179999948,104,0.0,0.0,0.0,582,1.179999948,1807,661,754,2016-04-24
2016-04-24,4392,65,5577150313,1.980000019,141,0.0,2.150000095,0.0,425,11.77999973,15764,530,598,2016-04-24
2016-04-24,2305,0,6117666160,5.760000229,362,0.0,0.0,0.0,711,5.760000229,7623,353,367,2016-04-24
2016-04-24,1705,0,6962181067,3.319999933,199,0.0,0.0,0.0,720,3.319999933,5029,515,521,2016-04-24
2016-04-24,2049,0,7086361926,2.150000095,125,0.0,0.0,0.0,566,2.160000086,3520,726,749,2016-04-24
2016-04-24,2741,0,8378563200,2.940000057,135,0.0,0.0,0.0,734,2.940000057,3703,533,571,2016-04-24
2016-04-25,2013,14,1503960366,3.940000057,216,0.0,0.569999993,0.0,814,9.800000191,15355,277,323,2016-04-25
2016-04-25,2100,0,1927972279,0.109999999,12,0.0,0.0,0.0,1303,0.109999999,152,115,125,2016-04-25
2016-04-25,1576,0,2026352035,3.730000019,260,0.0,0.0,0.0,821,3.730000019,6017,352,359,2016-04-25
2016-04-25,2095,11,2347167796,4.599999905,277,0.0,0.519999981,0.0,653,6.380000114,9482,433,484,2016-04-25
2016-04-25,1570,9,3977333714,2.410000086,133,0.0,0.430000007,0.0,781,8.479999542,11177,262,467,2016-04-25
2016-04-25,2314,8,4319703577,5.929999828,390,0.0,0.280000001,0.0,544,6.210000038,9259,478,498,2016-04-25
2016-04-25,3288,31,4388161847,7.840000153,301,0.0,1.399999976,0.0,1054,9.970000267,12961,33,43,2016-04-25
2016-04-25,2070,0,4445114986,2.269999981,179,0.0,0.0,0.0,916,2.269999981,3385,329,345,2016-04-25
2016-04-25,2225,10,4558609924,4.510000229,340,0.0,0.25,0.0,993,5.349999905,8095,68,79,2016-04-25
2016-04-25,3064,15,4702921684,6.110000134,270,0.0,0.819999993,0.0,730,7.429999828,9167,407,419,2016-04-25
2016-04-25,2033,11,5553957443,3.690000057,201,0.0,0.569999993,0.0,732,7.190000057,10946,415,445,2016-04-25
2016-04-25,3374,38,5577150313,2.75999999,214,0.0,0.670000017,0.0,743,4.78000021,6393,362,384,2016-04-25
2016-04-25,2194,31,6962181067,4.460000038,282,2.78517508506775,1.679999948,0.100000001490116,637,9.270000458,13239,440,455,2016-04-25
2016-04-25,2752,39,7086361926,2.369999886,129,0.0,0.699999988,0.0,706,6.820000172,10091,490,497,2016-04-25
2016-04-25,4005,16,8378563200,3.920000076,141,2.0921471118927,0.870000005,0.0,692,9.840000153,12405,454,473,2016-04-25
2016-04-26,1970,23,1503960366,5.539999962,279,0.0,0.920000017,0.0,833,8.789999962,13755,245,274,2016-04-26
2016-04-26,2638,0,1927972279,2.599999905,192,0.0,0.0,0.0,1058,2.599999905,3761,181,190,2016-04-26
2016-04-26,1595,0,2026352035,3.680000067,288,0.0,0.0,0.0,1018,3.680000067,5933,113,134,2016-04-26
2016-04-26,1861,0,2347167796,3.950000048,227,0.0,0.0,0.0,732,3.950000048,5980,431,480,2016-04-26
2016-04-26,1551,95,3977333714,2.950000048,170,0.0,4.21999979,0.0,797,7.619999886,11388,250,371,2016-04-26
2016-04-26,2236,21,4319703577,5.150000095,288,0.0,0.920000017,0.0,649,6.639999866,9899,466,474,2016-04-26
2016-04-26,2929,23,4388161847,5.269999981,224,0.0,1.059999943,0.0,673,7.28000021,9461,464,506,2016-04-26
2016-04-26,2291,1,4445114986,1.960000038,180,0.0,0.039999999,0.0,839,4.409999847,6326,353,391,2016-04-26
2016-04-26,2223,41,4558609924,3.589999914,283,0.0,2.029999971,0.0,1062,6.050000191,9148,35,42,2016-04-26
2016-04-26,2784,8,4702921684,4.539999962,216,0.0,0.349999994,0.0,765,4.949999809,6108,436,450,2016-04-26
2016-04-26,2093,18,5553957443,4.460000038,238,0.0,0.930000007,0.0,750,7.760000229,11886,353,394,2016-04-26
2016-04-26,3088,32,5577150313,2.470000029,181,0.0,0.649999976,0.0,759,3.980000019,5325,400,430,2016-04-26
2016-04-26,2450,7,6117666160,6.869999886,352,0.0,0.340000004,0.0,1077,7.210000038,9543,2,4,2016-04-26
2016-04-26,2012,7,6962181067,3.900000095,254,0.0,0.419999987,0.0,680,6.900000095,10433,454,463,2016-04-26
2016-04-26,2781,33,7086361926,2.119999886,132,0.0,0.769999981,0.0,726,7.070000172,10387,465,479,2016-04-26
2016-04-26,3763,18,8378563200,4.420000076,161,0.0,0.920000017,0.0,593,12.85000038,16208,522,578,2016-04-26
2016-04-27,1593,0,2026352035,3.769999981,286,0.0,0.0,0.0,586,3.769999981,6088,532,568,2016-04-27
2016-04-27,2194,9,2347167796,5.320000172,295,0.0,0.400000006,0.0,623,7.579999924,11423,432,487,2016-04-27
2016-04-27,1377,10,3977333714,4.619999886,176,0.0,0.419999987,0.0,714,5.039999962,7193,349,540,2016-04-27
2016-04-27,2324,47,4319703577,4.909999847,300,0.0,1.919999957,0.0,680,7.230000019,10780,382,407,2016-04-27
2016-04-27,3074,48,4388161847,5.389999866,241,0.0,2.50999999,0.0,684,8.609999657,11193,423,455,2016-04-27
2016-04-27,2361,1,4445114986,2.380000114,194,0.0,0.029999999,0.0,839,5.03000021,7243,332,374,2016-04-27
2016-04-27,2908,16,4702921684,4.78000021,238,0.0,0.800000012,0.0,733,5.71999979,7047,446,452,2016-04-27
2016-04-27,1922,16,5553957443,4.739999771,206,0.0,1.0,0.0,745,6.880000114,10538,410,456,2016-04-27
2016-04-27,3294,16,5577150313,2.930000067,190,0.0,0.400000006,0.0,773,5.139999866,6805,375,398,2016-04-27
2016-04-27,2576,0,6117666160,7.110000134,458,0.0,0.0,0.0,417,7.110000134,9411,546,565,2016-04-27
2016-04-27,2034,38,6962181067,4.25,279,0.0,2.019999981,0.0,697,6.820000172,10320,413,419,2016-04-27
2016-04-27,2693,6,7086361926,2.529999971,145,0.0,0.180000007,0.0,829,8.340000153,11107,400,405,2016-04-27
2016-04-27,3061,4,8378563200,5.329999924,192,0.0,0.180000007,0.0,676,5.840000153,7359,522,564,2016-04-27
2016-04-27,2067,0,8792009665,1.129999995,112,0.0,0.0,0.0,900,1.129999995,1758,423,428,2016-04-27
2016-04-28,1898,28,1503960366,3.789999962,189,0.0,1.159999967,0.0,782,8.529999733,13154,366,393,2016-04-28
2016-04-28,2351,0,1927972279,1.159999967,95,0.0,0.0,0.0,1167,1.159999967,1675,166,178,2016-04-28
2016-04-28,1649,0,2026352035,3.950000048,331,0.0,0.0,0.0,626,3.950000048,6375,462,483,2016-04-28
2016-04-28,1854,0,2347167796,3.599999905,229,0.0,0.0,0.0,764,3.599999905,5439,414,447,2016-04-28
2016-04-28,1407,8,3977333714,3.220000029,190,0.0,0.289999992,0.0,804,4.880000114,7114,261,423,2016-04-28
2016-04-28,2367,8,4319703577,5.940000057,359,0.0,0.330000013,0.0,552,7.28000021,10817,483,508,2016-04-28
2016-04-28,2969,9,4388161847,6.03000021,234,0.0,0.430000007,0.0,878,7.75,10074,288,300,2016-04-28
2016-04-28,2203,0,4445114986,3.00999999,236,0.0,0.0,0.0,762,3.00999999,4493,419,442,2016-04-28
2016-04-28,2185,11,4558609924,5.949999809,367,0.0,0.270000011,0.0,985,6.25,9451,69,76,2016-04-28
2016-04-28,3033,9,4702921684,5.769999981,232,0.0,0.419999987,0.0,738,7.320000172,9023,426,447,2016-04-28
2016-04-28,1999,13,5553957443,3.170000076,165,0.0,0.75,0.0,727,7.630000114,11393,446,485,2016-04-28
2016-04-28,3580,51,5577150313,3.00999999,141,0.0,1.169999957,0.0,692,7.429999828,9841,445,457,2016-04-28
2016-04-28,1879,0,6117666160,2.599999905,141,0.0,0.0,0.0,758,2.599999905,3403,501,541,2016-04-28
2016-04-28,2182,8,6962181067,5.590000153,288,0.0,0.239999995,0.0,621,8.350000381,12627,466,485,2016-04-28
2016-04-28,2862,48,7086361926,3.359999895,161,0.0,1.639999986,0.0,810,7.800000191,11584,354,367,2016-04-28
2016-04-28,2884,10,8378563200,2.910000086,139,0.0,0.49000001,0.0,711,4.300000191,5417,518,569,2016-04-28
2016-04-28,2780,0,8792009665,3.940000057,310,0.0,0.0,0.0,714,3.940000057,6157,402,416,2016-04-28
2016-04-29,1837,12,1503960366,5.579999924,243,0.0,0.5,0.0,815,7.150000095,11181,341,354,2016-04-29
2016-04-29,2498,0,1644430081,2.309999943,120,0.0,0.0,0.0,1193,2.309999943,3176,119,127,2016-04-29
2016-04-29,1856,0,1844505072,3.25,247,0.0,0.0,0.0,1082,3.25,4920,0,111,2016-04-29
2016-04-29,1692,0,2026352035,4.710000038,352,0.0,0.0,0.0,492,4.710000038,7604,557,596,2016-04-29
2016-04-29,403,0,2347167796,0.029999999,4,0.0,0.0,0.0,2,0.029999999,42,353,412,2016-04-29
2016-04-29,1545,32,3977333714,2.710000038,150,0.0,1.299999952,0.0,744,7.75,10645,333,478,2016-04-29
2016-04-29,2175,18,4319703577,4.119999886,289,0.0,0.790000021,0.0,624,5.360000134,7990,477,502,2016-04-29
2016-04-29,2196,0,4445114986,3.130000114,226,0.0,0.0,0.0,1106,3.140000105,4676,106,108,2016-04-29
2016-04-29,1918,29,4558609924,2.309999943,197,0.0,1.850000024,0.0,1096,5.179999828,7833,102,103,2016-04-29
2016-04-29,3165,19,4702921684,6.070000172,267,0.0,0.920000017,0.0,692,8.050000191,9930,438,450,2016-04-29
2016-04-29,2169,15,5553957443,4.909999847,270,0.0,0.639999986,0.0,709,8.329999924,12764,356,399,2016-04-29
2016-04-29,3544,36,5577150313,2.470000029,165,0.0,0.610000014,0.0,739,5.920000076,7924,381,403,2016-04-29
2016-04-29,2560,0,6117666160,7.239999771,461,0.0,0.0,0.0,479,7.239999771,9592,486,499,2016-04-29
2016-04-29,2254,15,6962181067,5.809999943,369,0.0,0.479999989,0.0,645,7.110000134,10762,392,399,2016-04-29
2016-04-29,2982,7,8378563200,4.269999981,172,0.0,0.360000014,0.0,767,4.900000095,6175,469,491,2016-04-29
2016-04-29,3101,14,8792009665,4.929999828,380,0.0,0.280000001,0.0,634,5.349999905,8360,398,406,2016-04-29
2016-04-30,1947,34,1503960366,4.269999981,217,0.0,1.419999957,0.0,712,9.25,14673,404,425,2016-04-30
2016-04-30,3846,71,1644430081,9.460000038,402,0.0,3.140000105,0.0,816,13.23999977,18213,124,142,2016-04-30
2016-04-30,1763,0,1844505072,2.650000095,184,0.0,0.0,0.0,218,2.670000076,4014,722,1038,2016-04-30
2016-04-30,1506,0,2026352035,2.930000067,233,0.0,0.0,0.0,594,2.930000067,4729,592,613,2016-04-30
2016-04-30,1650,52,3977333714,3.410000086,194,0.0,2.099999905,0.0,687,9.199999809,13238,284,464,2016-04-30
2016-04-30,2092,38,4319703577,3.50999999,196,0.0,1.610000014,0.0,695,5.519999981,8221,477,505,2016-04-30
2016-04-30,3283,43,4388161847,6.940000057,300,0.0,2.0,0.0,537,9.640000343,12533,507,546,2016-04-30
2016-04-30,2363,0,4445114986,4.179999828,290,0.0,0.0,0.0,797,4.179999828,6222,322,353,2016-04-30
2016-04-30,3115,36,4702921684,5.880000114,263,0.0,2.029999971,0.0,728,8.229999542,10144,387,409,2016-04-30
2016-04-30,1463,0,5553957443,0.779999971,84,0.0,0.0,0.0,506,0.779999971,1202,778,850,2016-04-30
2016-04-30,4501,45,5577150313,2.609999895,163,0.0,0.790000021,0.0,621,9.239999771,12363,380,404,2016-04-30
2016-04-30,2275,0,6117666160,5.28000021,343,0.0,0.0,0.0,1040,5.28000021,6987,54,57,2016-04-30
2016-04-30,2002,16,6962181067,3.670000076,237,0.0,0.75999999,0.0,731,6.659999847,10081,422,424,2016-04-30
2016-04-30,2995,17,7086361926,5.239999771,308,0.0,1.039999962,0.0,584,9.409999847,14560,485,489,2016-04-30
2016-04-30,2660,0,8378563200,2.339999914,121,0.0,0.0,0.0,780,2.339999914,2946,434,539,2016-04-30
2016-04-30,2896,20,8792009665,3.910000086,301,0.0,0.360000014,0.0,749,4.590000153,7174,343,360,2016-04-30
2016-05-01,1820,35,1503960366,2.920000076,246,0.0,1.600000024,0.0,730,6.809999943,10602,369,396,2016-05-01
2016-05-01,2696,24,1644430081,3.230000019,146,0.0,0.99000001,0.0,908,4.460000038,6132,194,359,2016-05-01
2016-05-01,1541,7,1844505072,1.450000048,75,0.0,0.25999999,0.0,585,1.700000048,2573,590,773,2016-05-01
2016-05-01,1447,0,2026352035,2.279999971,191,0.0,0.0,0.0,716,2.279999971,3609,503,533,2016-05-01
2016-05-01,1501,40,3977333714,2.410000086,124,0.0,1.980000019,0.0,691,7.070000172,10414,336,544,2016-05-01
2016-05-01,1593,0,4319703577,0.839999974,67,0.0,0.0,0.0,836,0.839999974,1251,526,537,2016-05-01
2016-05-01,2926,15,4388161847,6.199999809,241,0.0,0.680000007,0.0,579,7.889999866,10255,556,593,2016-05-01
2016-05-01,2246,0,4445114986,3.50999999,240,0.0,0.0,0.0,741,3.50999999,5232,439,459,2016-05-01
2016-05-01,1692,0,4558609924,2.269999981,190,0.0,0.0,0.0,1121,2.269999981,3428,115,129,2016-05-01
2016-05-01,1747,0,5553957443,3.369999886,237,0.0,0.0,0.0,436,3.369999886,5164,684,767,2016-05-01
2016-05-01,4546,72,5577150313,3.24000001,178,0.0,1.440000057,0.0,499,9.989999771,13368,477,497,2016-05-01
2016-05-01,2361,0,6117666160,6.730000019,397,0.0,0.0,0.0,525,6.730000019,8915,453,518,2016-05-01
2016-05-01,1740,0,6962181067,3.609999895,215,0.0,0.0,0.0,722,3.609999895,5454,484,503,2016-05-01
2016-05-01,2225,0,7007744171,3.75,237,0.0,0.0,0.0,1142,3.75,5600,58,61,2016-05-01
2016-05-01,2730,15,7086361926,4.849999905,258,0.0,0.899999976,0.0,685,8.069999695,12390,423,452,2016-05-01
2016-05-01,3369,10,8378563200,2.470000029,127,0.0,0.560000002,0.0,669,9.06000042,11419,508,562,2016-05-01
2016-05-01,1962,0,8792009665,1.039999962,79,0.0,0.0,0.0,834,1.039999962,1619,503,527,2016-05-01
2016-05-02,2004,15,1503960366,5.920000076,277,0.0,0.569999993,0.0,798,9.710000038,14727,277,309,2016-05-02
2016-05-02,2580,7,1644430081,2.349999905,148,0.0,0.310000002,0.0,682,2.730000019,3758,602,602,2016-05-02
2016-05-02,1690,0,2026352035,4.349999905,355,0.0,0.0,0.0,716,4.349999905,7018,363,369,2016-05-02
2016-05-02,1760,143,3977333714,3.019999981,176,0.0,6.480000019,0.0,713,11.05000019,16520,230,384,2016-05-02
2016-05-02,2207,11,4020332650,0.289999992,31,0.0,0.039999999,0.0,1350,0.340000004,475,42,48,2016-05-02
2016-05-02,2270,11,4319703577,5.710000038,344,0.0,0.439999998,0.0,585,6.239999771,9261,467,500,2016-05-02
2016-05-02,3147,4,4388161847,4.550000191,204,0.0,0.079999998,0.0,935,8.399999619,10096,262,264,2016-05-02
2016-05-02,2336,4,4445114986,2.349999905,200,0.0,0.189999998,0.0,667,4.75,6910,503,542,2016-05-02
2016-05-02,2859,40,4702921684,3.75999999,195,0.0,1.74000001,0.0,1131,5.920000076,7245,66,69,2016-05-02
2016-05-02,1996,9,5553957443,4.900000095,227,0.0,0.409999996,0.0,724,6.380000114,9769,417,457,2016-05-02
2016-05-02,3014,20,5577150313,4.070000172,235,0.0,0.349999994,0.0,732,5.559999943,7439,392,416,2016-05-02
2016-05-02,2162,39,6962181067,5.340000153,313,0.0,2.0,0.0,655,8.539999962,12912,399,415,2016-05-02
2016-05-02,2754,26,7086361926,2.660000086,139,0.0,0.660000026,0.0,737,6.809999943,10052,461,472,2016-05-02
2016-05-02,3491,4,8378563200,4.010000229,142,2.0921471118927,0.170000002,0.0,802,4.809999943,6064,406,429,2016-05-02
2016-05-02,2015,0,8792009665,1.169999957,101,0.0,0.0,0.0,916,1.169999957,1831,415,423,2016-05-02
2016-05-03,1990,24,1503960366,4.880000114,254,0.0,1.049999952,0.0,816,9.659999847,15103,273,296,2016-05-03
2016-05-03,1604,0,2026352035,3.720000029,304,0.0,0.0,0.0,981,3.720000029,5992,143,155,2016-05-03
2016-05-03,1710,41,3977333714,4.53000021,258,0.0,1.74000001,0.0,594,9.590000153,14335,292,500,2016-05-03
2016-05-03,2828,0,4020332650,3.150000095,174,0.0,0.0,0.0500000007450581,950,3.220000029,4496,311,316,2016-05-03
2016-05-03,2235,26,4319703577,4.829999924,287,0.0,1.070000052,0.0,669,6.46999979,9648,420,450,2016-05-03
2016-05-03,3290,18,4388161847,7.880000114,306,0.0,0.779999971,0.0,984,9.789999962,12727,111,114,2016-05-03
2016-05-03,2421,2,4445114986,2.579999924,233,0.0,0.109999999,0.0,725,5.179999828,7502,417,450,2016-05-03
2016-05-03,3145,0,4702921684,7.670000076,313,0.0,0.0,0.0,729,7.670000076,9454,351,398,2016-05-03
2016-05-03,2116,29,5553957443,5.679999828,247,0.0,1.200000048,0.0,812,8.390000343,12848,282,326,2016-05-03
2016-05-03,3795,8,5577150313,3.569999933,212,0.0,0.150000006,0.0,580,8.25,11045,508,543,2016-05-03
2016-05-03,2072,36,6962181067,4.329999924,267,0.0,2.039999962,0.0,654,8.119999886,12109,440,462,2016-05-03
2016-05-03,2754,36,7086361926,3.160000086,152,0.0,0.850000024,0.0,761,6.760000229,10288,428,434,2016-05-03
2016-05-03,3784,20,8378563200,4.5,195,2.25308108329773,1.059999943,0.0,822,6.909999847,8712,301,332,2016-05-03
2016-05-03,2297,0,8792009665,1.549999952,156,0.0,0.0,0.0,739,1.549999952,2421,516,545,2016-05-03
2016-05-04,1658,0,2026352035,4.070000172,345,0.0,0.0,0.0,530,4.070000172,6564,541,564,2016-05-04
2016-05-04,1628,96,3977333714,2.890000105,142,0.0,4.579999924,0.0,852,9.43999958,13559,213,336,2016-05-04
2016-05-04,3879,46,4020332650,5.579999924,346,0.0,1.039999962,0.0,531,7.349999905,10252,447,504,2016-05-04
2016-05-04,3162,21,4388161847,5.800000191,251,0.0,0.930000007,0.0,632,9.520000458,12375,467,501,2016-05-04
2016-05-04,2070,0,4445114986,1.960000038,180,0.0,0.0,0.0,897,1.960000038,2923,337,363,2016-05-04
2016-05-04,3004,15,4702921684,5.539999962,251,0.0,0.730000019,0.0,757,6.619999886,8161,390,412,2016-05-04
2016-05-04,1698,0,5553957443,2.769999981,224,0.0,0.0,0.0,651,2.769999981,4249,536,565,2016-05-04
2016-05-04,2755,9,5577150313,2.079999924,141,0.0,0.25,0.0,631,3.890000105,5206,603,634,2016-05-04
2016-05-04,1902,0,6117666160,2.25999999,156,0.0,0.0,0.0,1279,2.25999999,2997,5,5,2016-05-04
2016-05-04,2086,36,6962181067,4.550000191,284,0.0,1.679999948,0.0,683,6.710000038,10147,408,422,2016-05-04
2016-05-04,2655,12,7086361926,2.900000095,135,0.0,0.119999997,0.0,843,8.31000042,10988,392,405,2016-05-04
2016-05-04,3110,10,8378563200,4.199999809,167,0.0,0.49000001,0.0,680,6.239999771,7875,524,564,2016-05-04
2016-05-04,2067,0,8792009665,1.460000038,129,0.0,0.0,0.0,848,1.460000038,2283,439,463,2016-05-04
2016-05-05,1959,24,1503960366,4.880000114,250,0.0,1.080000043,0.0,857,8.899999619,14070,247,264,2016-05-05
2016-05-05,1926,0,2026352035,7.539999962,475,0.0,0.0,0.0,479,7.539999962,12167,464,486,2016-05-05
2016-05-05,1618,88,3977333714,2.710000038,178,0.0,4.110000134,0.0,680,8.579999924,12312,318,480,2016-05-05
2016-05-05,3429,42,4020332650,4.039999962,196,0.0,1.679999948,0.0700000002980232,916,8.430000305,11728,226,248,2016-05-05
2016-05-05,2530,34,4319703577,5.449999809,328,0.0,1.409999967,0.0,957,9.489999771,13658,81,94,2016-05-05
2016-05-05,2899,39,4388161847,5.090000153,199,0.0,1.669999957,0.0,896,7.380000114,9603,283,294,2016-05-05
2016-05-05,2120,6,4445114986,2.180000067,185,0.0,0.239999995,0.0,734,2.549999952,3800,462,513,2016-05-05
2016-05-05,3006,5,4702921684,6.090000153,241,0.0,0.219999999,0.0,745,6.989999771,8614,426,441,2016-05-05
2016-05-05,2156,29,5553957443,4.429999828,241,0.0,1.659999967,0.0,692,9.510000229,14331,392,434,2016-05-05
2016-05-05,3004,21,5577150313,2.670000076,143,0.0,0.469999999,0.0,1153,5.639999866,7550,74,78,2016-05-05
2016-05-05,2636,0,6117666160,7.400000095,487,0.0,0.0,0.0,479,7.400000095,9799,447,474,2016-05-05
2016-05-05,2066,22,6962181067,4.809999943,305,0.0,1.159999967,0.0,591,6.960000038,10524,476,508,2016-05-05
2016-05-05,3783,3,8378563200,5.739999771,214,2.25308108329773,0.159999996,0.0,764,6.789999962,8567,349,393,2016-05-05
2016-05-06,1896,6,1503960366,5.809999943,289,0.0,0.25,0.0,754,8.029999733,12159,334,367,2016-05-06
2016-05-06,1736,0,2026352035,5.079999924,383,0.0,0.0,0.0,511,5.079999924,8198,534,546,2016-05-06
2016-05-06,1590,55,3977333714,2.670000076,168,0.0,2.50999999,0.0,676,8.279999733,11677,323,512,2016-05-06
2016-05-06,2704,0,4020332650,3.099999905,177,0.0,0.0,0.00999999977648258,855,3.130000114,4369,385,408,2016-05-06
2016-05-06,2266,11,4319703577,5.460000038,314,0.0,0.469999999,0.0,692,6.420000076,9524,385,417,2016-05-06
2016-05-06,2211,0,4445114986,3.029999971,229,0.0,0.0,0.0,809,3.029999971,4514,374,402,2016-05-06
2016-05-06,2859,16,4702921684,4.869999886,207,0.0,0.660000026,0.0,682,5.630000114,6943,654,704,2016-05-06
2016-05-06,1916,9,5553957443,4.230000019,229,0.0,0.540000021,0.0,761,6.289999962,9632,385,420,2016-05-06
2016-05-06,1838,0,6117666160,2.680000067,133,0.0,0.0,0.0,673,2.680000067,3365,598,634,2016-05-06
2016-05-06,1850,0,6962181067,3.910000086,299,0.0,0.0,0.0,717,3.910000086,5908,416,424,2016-05-06
2016-05-06,2924,35,7086361926,3.119999886,154,0.0,1.429999948,0.0,834,8.380000114,12461,322,333,2016-05-06
2016-05-06,3644,5,8378563200,3.779999971,166,2.0921471118927,0.25,0.0,831,5.590000153,7045,339,364,2016-05-06
2016-05-07,1821,46,1503960366,3.130000114,175,0.0,2.119999886,0.0,833,7.710000038,11992,331,349,2016-05-07
2016-05-07,1491,0,2026352035,2.599999905,229,0.0,0.0,0.0,665,2.599999905,4193,521,545,2016-05-07
2016-05-07,1574,86,3977333714,3.589999914,208,0.0,4.130000114,0.0,703,7.730000019,11550,237,443,2016-05-07
2016-05-07,2158,28,4319703577,4.079999924,279,0.0,1.049999952,0.0,586,5.329999924,7937,515,544,2016-05-07
2016-05-07,4022,56,4388161847,5.329999924,260,0.0,2.769999981,0.0,508,17.54000092,22770,472,496,2016-05-07
2016-05-07,2123,4,4445114986,1.25,108,0.0,0.189999998,0.0,866,3.589999914,5183,401,436,2016-05-07
2016-05-07,1973,16,4558609924,2.829999924,233,0.0,1.0,0.0,1116,5.440000057,8237,46,52,2016-05-07
2016-05-07,3683,46,4702921684,8.970000267,439,0.0,2.309999943,0.0,577,11.64999962,14370,710,746,2016-05-07
2016-05-07,1494,0,5553957443,1.220000029,96,0.0,0.0,0.0,902,1.220000029,1868,416,442,2016-05-07
2016-05-07,2469,0,6117666160,5.539999962,412,0.0,0.0,0.0,456,5.539999962,7336,557,572,2016-05-07
2016-05-07,1947,0,6962181067,4.5,328,0.0,0.0,0.0,745,4.5,6815,329,367,2016-05-07
2016-05-07,2739,42,7086361926,4.679999828,209,0.0,2.329999924,0.0,621,8.479999542,12827,530,548,2016-05-07
2016-05-07,3331,20,8053475328,2.349999905,148,0.0,0.879999995,0.0,1076,15.67000008,19769,74,75,2016-05-07
2016-05-07,2799,0,8378563200,3.539999962,158,0.0,0.0,0.0,851,3.539999962,4468,382,431,2016-05-07
2016-05-08,1740,8,1503960366,2.730000019,203,0.0,0.319999993,0.0,574,6.579999924,10060,594,611,2016-05-08
2016-05-08,2987,0,1644430081,4.880000114,295,0.0,0.0,0.0,991,4.889999866,6724,137,154,2016-05-08
2016-05-08,1555,0,2026352035,3.450000048,258,0.0,0.0,0.0,610,3.450000048,5528,546,572,2016-05-08
2016-05-08,1633,116,3977333714,3.170000076,171,0.0,5.239999771,0.0,688,9.090000153,13585,259,456,2016-05-08
2016-05-08,3089,0,4020332650,4.150000095,263,0.0,0.0,0.0,775,4.199999809,5862,364,402,2016-05-08
2016-05-08,1792,0,4319703577,2.460000038,153,0.0,0.0,0.0,603,2.460000038,3672,652,683,2016-05-08
2016-05-08,3934,38,4388161847,3.230000019,178,0.0,1.25999999,0.0,576,14.38000011,17298,529,541,2016-05-08
2016-05-08,2423,8,4445114986,4.650000095,308,0.0,0.25,0.0,733,4.900000095,7303,361,391,2016-05-08
2016-05-08,2666,35,4558609924,2.019999981,238,0.0,0.5,0.0,1019,4.329999924,6543,77,82,2016-05-08
2016-05-08,3287,125,4702921684,3.539999962,192,0.0,6.210000038,0.0,1019,10.43000031,12857,87,95,2016-05-08
2016-05-08,1762,8,5553957443,3.299999952,210,0.0,0.469999999,0.0,505,4.0,6083,673,714,2016-05-08
2016-05-08,2250,0,6117666160,5.53000021,318,0.0,0.0,0.0,517,5.53000021,7328,555,605,2016-05-08
2016-05-08,1659,14,6962181067,2.25,151,0.0,0.519999981,0.0,709,2.769999981,4188,534,566,2016-05-08
2016-05-08,2534,27,7086361926,3.25,147,0.0,1.529999971,0.0,695,7.099999905,10677,509,539,2016-05-08
2016-05-08,2685,0,8378563200,2.329999924,139,0.0,0.0,0.0,621,2.329999924,2943,627,680,2016-05-08
2016-05-09,1819,11,1503960366,3.74000001,206,0.0,0.529999971,0.0,835,7.71999979,12022,338,342,2016-05-09
2016-05-09,1869,0,2026352035,6.599999905,401,0.0,0.0,0.0,543,6.619999886,10685,478,496,2016-05-09
2016-05-09,2785,5,4020332650,2.940000057,173,0.0,0.119999997,0.0,1225,3.269999981,4556,29,34,2016-05-09
2016-05-09,2345,14,4319703577,6.25,374,0.0,0.560000002,0.0,490,6.960000038,10378,526,559,2016-05-09
2016-05-09,3013,19,4388161847,6.789999962,258,0.0,0.730000019,0.0,1020,7.860000134,10218,127,137,2016-05-09
2016-05-09,2281,0,4445114986,3.539999962,266,0.0,0.0,0.0,641,3.539999962,5275,457,533,2016-05-09
2016-05-09,2990,12,4702921684,6.099999905,253,0.0,0.569999993,0.0,746,6.679999828,8232,410,429,2016-05-09
2016-05-09,2272,22,5553957443,4.559999943,251,0.0,0.889999986,0.0,667,7.579999924,11611,397,441,2016-05-09
2016-05-09,2489,11,5577150313,0.99000001,70,0.0,0.140000001,0.0,1099,2.559999943,3421,187,226,2016-05-09
2016-05-09,1248,0,6117666160,3.380000114,197,0.0,0.0,0.0,125,3.380000114,4477,433,455,2016-05-09
2016-05-09,2105,21,6962181067,3.650000095,231,3.16782188415527,1.179999948,0.0,607,8.720000267,12342,536,538,2016-05-09
2016-05-09,2960,50,7086361926,3.119999886,171,0.0,1.710000038,0.0,743,9.109999657,13566,399,409,2016-05-09
2016-05-09,3721,13,8378563200,4.71999979,171,2.0921471118927,0.660000026,0.0,772,6.650000095,8382,370,412,2016-05-09
2016-05-10,1859,31,1503960366,3.25999999,214,0.0,1.159999967,0.0,746,7.769999981,12207,383,403,2016-05-10
2016-05-10,1141,0,2026352035,0.159999996,17,0.0,0.0,0.0,1002,0.159999996,254,389,421,2016-05-10
2016-05-10,1630,115,3977333714,3.309999943,196,0.0,5.400000095,0.0,676,8.779999733,13072,312,452,2016-05-10
2016-05-10,2926,0,4020332650,3.869999886,206,0.0,0.0,0.0399999991059303,774,3.980000019,5546,413,460,2016-05-10
2016-05-10,2260,12,4319703577,5.699999809,329,0.0,0.460000008,0.0,555,6.369999886,9487,513,541,2016-05-10
2016-05-10,3061,14,4388161847,6.460000038,267,0.0,0.649999976,0.0,648,7.920000076,10299,477,498,2016-05-10
2016-05-10,2181,0,4445114986,2.630000114,231,0.0,0.0,0.0,783,2.630000114,3915,405,426,2016-05-10
2016-05-10,3172,37,4702921684,6.650000095,262,0.0,1.879999995,0.0,701,8.609999657,10613,422,439,2016-05-10
2016-05-10,2335,40,5553957443,5.199999809,265,0.0,1.610000014,0.0,707,10.71000004,16358,348,367,2016-05-10
2016-05-10,3841,37,5577150313,3.349999905,194,0.0,0.75,0.0,639,6.650000095,8869,434,466,2016-05-10
2016-05-10,2361,34,6962181067,4.989999771,275,0.0,1.75,0.0,626,10.21000004,15448,425,443,2016-05-10
2016-05-10,2800,23,7086361926,2.450000048,106,0.0,1.200000048,0.0,1182,10.78999996,14433,56,57,2016-05-10
2016-05-10,3586,13,8378563200,3.920000076,152,2.25308108329773,0.639999986,0.0,840,5.21999979,6582,348,371,2016-05-10
2016-05-11,1783,23,1503960366,4.550000191,251,0.0,1.00999999,0.0,669,8.130000114,12770,285,306,2016-05-11
2016-05-11,1698,0,2026352035,5.320000172,330,0.0,0.0,0.0,569,5.320000172,8580,512,541,2016-05-11
2016-05-11,2232,18,4319703577,5.179999828,311,0.0,0.74000001,0.0,574,6.130000114,9129,510,534,2016-05-11
2016-05-11,2954,18,4388161847,6.53000021,256,0.0,0.790000021,0.0,858,7.840000153,10201,292,299,2016-05-11
2016-05-11,2499,22,4445114986,2.859999895,232,0.0,1.0,0.0,622,6.110000134,9105,501,530,2016-05-11
2016-05-11,3069,41,4702921684,4.980000019,235,0.0,2.160000086,0.0,784,7.960000038,9810,360,370,2016-05-11
2016-05-11,1693,0,5553957443,3.220000029,195,0.0,0.0,0.0,628,3.220000029,4926,585,617,2016-05-11
2016-05-11,1665,15,5577150313,0.889999986,63,0.0,0.300000012,0.0,257,3.039999962,4038,314,346,2016-05-11
2016-05-11,1855,7,6962181067,2.650000095,199,0.0,0.310000002,0.0,709,4.440000057,6722,476,501,2016-05-11
2016-05-11,2735,40,7086361926,2.230000019,128,0.0,1.389999986,0.0,757,6.519999981,9572,440,457,2016-05-11
2016-05-11,3788,10,8378563200,5.269999981,184,2.0921471118927,0.589999974,0.0,763,7.25,9143,387,410,2016-05-11
2016-05-12,1364,0,2026352035,5.510000229,343,0.0,0.0,0.0,330,5.510000229,8891,321,330,2016-05-12
2016-05-12,257,0,4319703577,0.01,2,0.0,0.0,0.0,0,0.01,17,230,248,2016-05-12
2016-05-12,1212,0,4445114986,0.519999981,58,0.0,0.0,0.0,380,0.519999981,768,483,501,2016-05-12
2016-05-12,1240,0,4702921684,2.230000019,68,0.0,0.0,0.0,241,2.230000019,2752,330,364,2016-05-12
2016-05-12,741,6,5553957443,1.059999943,48,0.0,0.400000006,0.0,222,2.039999962,3121,316,344,2016-05-12
2016-05-12,928,8,6962181067,2.109999895,105,0.0,0.25,0.0,127,2.369999886,3587,465,481,2016-05-12
2016-05-12,1199,4,7086361926,1.889999986,58,0.0,0.270000011,0.0,343,2.559999943,3789,399,406,2016-05-12
2016-05-12,1976,6,8378563200,2.690000057,102,0.0,0.270000011,0.0,433,3.619999886,4561,361,395,2016-05-12